TITLE,BUSHES,CABIN,CIRRUS,CLOUDS,CONIFER,CUMULUS,DECIDUOUS,FENCE,FLOWERS,FOG,GRASS,HILLS,LAKE,MOUNTAIN,PATH,RIVER,ROCKS,SNOW,SNOWY_MOUNTAIN,STRUCTURE,SUN,TREE,TREES,WATERFALL,WINTER
WOODGRAIN_VIEW,0,0,0,0,0,0,1,0,0,0,1,0,1,0,0,0,0,0,1,0,0,1,0,0,0
WOODED_STREAM_OVAL,0,0,0,0,0,0,1,0,0,0,0,0,0,0,0,1,1,0,0,0,0,1,1,0,0
WINTERTIME_DISCOVERY,0,1,0,1,1,0,1,0,0,0,0,0,0,0,0,0,0,1,0,1,0,1,1,0,1
WINTERTIME_BLUES,0,0,0,1,1,1,0,0,0,0,0,0,0,1,0,0,0,1,0,0,0,1,1,0,1
WINTERS_PEACE,0,1,0,1,1,0,0,0,0,0,0,0,1,0,0,0,0,0,0,1,0,1,1,0,0
WINTERS_PARADISE,0,0,0,1,1,1,0,0,0,0,0,0,0,1,0,1,0,1,1,0,0,1,1,0,1
WINTERS_GRACE,0,0,0,0,1,0,0,0,0,1,0,0,0,1,0,0,0,1,0,0,0,1,1,0,1
WINTERS_ELEGANCE,0,0,0,1,0,1,1,0,0,0,0,0,1,0,0,0,1,1,0,0,0,1,1,0,1
WINTER_SUN,0,0,0,0,1,0,0,0,0,0,0,0,1,0,0,0,0,1,0,0,1,1,1,0,0
WINTER_STILLNESS,0,0,0,0,1,0,1,0,0,0,0,0,1,0,0,0,0,1,0,0,0,1,1,0,1
WINTER_SOLITUDE,1,0,0,0,0,0,1,0,0,0,0,0,0,0,0,0,0,1,0,0,0,1,1,0,1
WINTER_OVAL,1,1,0,0,1,0,0,0,0,1,0,0,0,1,0,1,0,0,1,1,0,1,1,0,0
WINTER_NIGHT,0,1,0,0,1,0,0,0,0,0,0,0,0,0,0,0,0,1,0,1,0,1,1,0,1
WINTER_MOUNTAIN,0,0,0,0,1,0,0,0,0,0,0,0,0,1,0,1,0,1,1,0,0,1,1,0,1
WINTER_MIST,1,0,0,1,1,0,0,0,0,0,0,0,1,1,0,0,0,0,1,0,0,1,1,0,0
WINTER_LACE,0,0,0,1,0,1,1,0,0,0,0,0,1,0,0,0,0,1,0,0,0,1,1,0,1
WINTER_HIDEAWAY,0,1,0,0,1,0,1,1,0,0,0,0,0,0,0,0,0,1,0,1,0,1,1,0,1
WINTER_GLOW,0,0,0,0,0,0,1,0,0,0,0,0,1,0,0,0,0,0,0,0,0,1,1,0,0
WINTER_FROST,0,0,0,1,1,0,1,0,0,0,0,0,0,0,0,0,0,1,1,0,1,1,1,0,1
WINTER_EVERGREENS,0,0,1,1,1,0,0,0,0,0,0,0,0,0,0,0,0,1,1,0,1,1,1,0,1
WINTER_CABIN,0,1,0,1,0,0,1,0,0,0,0,0,0,0,0,0,0,1,0,1,0,1,0,0,1
WINTER_BLISS,1,0,0,0,0,0,1,0,0,0,0,0,1,1,0,0,0,1,1,0,0,1,0,0,1
WINTER_AT_THE_FARM,0,0,0,0,1,0,0,1,0,0,0,0,0,0,0,0,0,1,0,1,0,1,1,0,1
WINDING_STREAM,0,0,0,1,1,0,0,0,0,0,1,0,0,1,0,1,1,0,0,0,0,1,1,0,0
WILDERNESS_TRAIL,1,0,0,0,0,0,1,0,0,0,0,0,0,1,1,0,0,0,0,0,0,1,1,0,0
WILDERNESS_FALLS,1,0,0,1,1,0,0,0,0,0,1,0,0,0,0,1,1,0,0,0,0,1,1,1,0
WILDERNESS_DAY,0,0,0,0,0,0,1,0,0,0,1,0,0,0,0,0,0,0,0,0,0,1,1,0,0
WILDERNESS_CABIN,0,1,0,0,1,0,0,0,0,0,0,0,1,0,0,0,1,0,0,1,0,1,1,0,0
WHISPERING_STREAM,0,0,0,0,0,0,1,0,0,0,1,0,0,0,0,1,1,0,0,0,0,1,1,0,0
WETLANDS,0,0,0,0,1,0,1,0,0,0,1,0,1,0,0,0,0,0,0,0,0,1,1,0,0
WESTERN_EXPANSE,0,0,1,1,0,0,1,0,0,0,0,0,0,0,0,1,0,0,0,0,0,1,0,0,0
WAYSIDE_POND,0,0,0,0,0,0,1,0,0,0,0,0,1,0,0,0,0,0,0,0,0,1,1,0,0
WATERSIDE_WAY,1,0,0,0,0,0,1,0,0,0,1,0,1,0,1,0,1,0,0,0,0,1,1,0,0
WATERFALL_WONDER,1,0,0,0,0,0,1,0,0,0,0,0,0,0,0,1,1,0,0,0,0,1,1,1,0
WATERFALL_IN_THE_WOODS,0,0,0,0,0,0,1,0,0,0,1,0,0,0,0,1,1,0,0,0,0,1,1,1,0
WARM_WINTER_DAY,0,1,0,0,0,0,1,0,0,0,1,0,0,0,0,0,0,1,0,1,1,1,1,0,1
WARM_SUMMER_DAY,1,0,0,0,0,0,1,0,0,0,0,0,1,0,0,0,0,0,0,0,0,1,1,0,0
VIEW_FROM_CLEAR_CREEK,1,0,0,0,1,0,0,0,0,0,1,0,0,1,0,1,0,0,0,0,0,1,1,0,0
VALLEY_WATERFALL,0,0,0,0,1,0,0,0,0,0,1,0,0,1,0,1,1,0,1,0,0,1,0,1,0
VALLEY_VIEW,0,0,0,0,1,0,0,0,0,0,0,0,1,1,0,0,0,0,1,0,0,1,1,0,0
VALLEY_OF_TRANQUILITY,1,0,0,1,1,1,0,0,0,0,1,0,0,1,0,1,0,0,1,0,0,1,1,1,0
UNDER_PASTEL_SKIES,0,0,0,1,1,0,0,0,0,0,0,0,0,1,0,0,0,0,1,0,0,1,1,0,0
TWO_SEASONS,0,0,0,1,1,1,1,0,0,1,0,0,1,1,0,0,0,0,1,0,0,1,1,0,0
TWIN_FALLS,0,0,0,1,1,0,1,0,0,0,1,1,0,0,0,1,1,0,0,0,0,1,1,1,0
TWILIGHT_MEADOW,0,0,0,1,0,1,1,0,0,0,1,0,1,0,0,0,0,0,0,0,0,1,1,0,0
TWILIGHT_BEAUTY,0,0,0,0,1,0,1,0,0,1,0,0,1,0,0,0,0,0,0,0,1,1,1,0,0
TRIPLE_VIEW,0,1,0,0,1,0,1,0,0,0,1,0,0,1,1,0,0,0,1,1,0,1,1,0,0
TRAPPERS_CABIN,1,1,0,0,1,0,1,0,0,0,0,0,1,1,0,0,0,0,0,1,0,1,1,0,0
TRANQUILITY_COVE,0,0,0,0,0,0,1,0,0,0,1,0,1,0,0,0,1,0,0,0,0,1,1,0,0
TRANQUIL_WOODED_STREAM,0,0,0,0,0,0,1,0,0,0,0,0,0,0,0,1,1,0,0,0,0,1,1,0,0
TRANQUIL_VALLEY,1,0,0,1,0,1,1,0,0,0,1,0,1,0,0,0,0,0,0,0,0,1,1,0,0
TRANQUIL_DAWN,0,0,0,0,1,0,1,0,0,1,0,0,0,0,0,1,0,0,0,0,1,1,1,0,0
TRAILS_END,0,0,0,1,0,0,1,0,0,0,0,0,0,0,1,0,0,0,0,0,0,1,1,0,0
TRACE_OF_SPRING,1,0,0,0,1,0,1,0,1,0,1,0,0,0,0,1,0,0,0,0,0,1,1,0,0
TOWERING_PEAKS,1,0,0,1,1,1,1,0,0,0,0,1,1,1,0,0,0,0,1,0,0,1,1,0,0
TOWERING_GLACIER,0,0,0,1,1,1,0,0,0,0,1,0,0,1,0,1,1,0,1,0,0,1,1,1,0
TOWARD_DAYS_END,1,1,0,0,0,0,1,0,0,0,1,0,0,0,0,1,0,0,0,1,0,1,1,0,0
THROUGH_THE_WINDOW,0,0,0,0,1,0,1,0,0,0,0,0,0,0,0,0,0,1,0,0,0,1,1,0,1
THE_WOODMANS_RETREAT,1,0,0,0,1,0,0,0,0,0,0,0,1,1,0,0,0,0,1,0,0,1,1,0,0
THE_PROPERTY_LINE,1,0,0,0,0,0,1,1,0,0,0,0,0,0,0,0,0,1,0,0,0,1,0,0,1
THE_OLD_OAK_TREE,0,0,0,0,0,0,1,0,0,0,1,0,0,0,0,1,0,0,0,0,0,1,0,0,0
THE_OLD_MILL,1,1,0,1,0,1,1,0,0,0,0,0,0,0,0,1,0,0,0,1,0,1,1,0,0
THE_OLD_HOME_PLACE,0,1,0,0,0,0,1,1,0,0,1,0,0,0,1,0,0,0,0,1,0,1,0,0,0
TETON_WINTER,0,1,0,0,0,0,1,0,0,0,0,0,0,1,0,0,0,1,1,1,0,1,1,0,1
SUNSET_OVAL,1,0,0,1,1,1,1,0,0,0,0,0,1,1,0,0,0,0,1,0,0,1,1,0,0
SUNSET_AGLOW,0,0,0,1,1,0,0,0,0,0,0,0,1,1,0,0,0,0,0,0,0,1,1,0,0
STEEP_MOUNTAINS,1,1,1,1,1,0,1,0,0,0,1,0,1,1,0,0,0,0,0,1,0,1,1,0,0
SPLENDOR_OF_WINTER,1,0,1,1,1,0,1,0,0,0,0,0,0,0,0,0,0,1,0,0,1,1,1,0,1
SPLENDOR_OF_AUTUMN,0,0,0,0,0,0,1,0,0,1,1,0,1,0,0,0,0,0,0,0,1,1,1,0,0
SPLENDOR_OF_A_SNOWY_WHITE,0,1,0,0,1,0,1,0,0,0,0,0,0,1,0,0,0,1,1,1,0,1,1,0,1
SPLASHES_OF_AUTUMN,0,0,0,0,0,0,1,0,0,0,0,0,1,1,0,1,0,0,0,0,0,1,1,1,0
SPECTACULAR_WATERFALL,0,0,0,0,1,0,0,0,0,0,0,0,0,1,0,1,1,0,0,0,0,1,1,1,0
SPECTACULAR_VIEW,0,1,0,1,1,1,0,0,0,0,0,0,0,1,1,0,0,0,0,1,0,1,1,0,0
SOUTHWEST_SERENITY,0,0,1,1,0,0,0,0,0,0,0,0,0,1,1,0,0,0,0,0,0,0,0,0,0
SOOTHING_VISTA,0,0,0,0,0,0,1,0,0,0,1,0,1,1,0,0,0,0,0,0,0,1,1,0,0
SOFT_MOUNTAIN_GLOW,1,0,0,0,1,0,0,0,0,0,1,0,0,1,0,1,0,0,1,0,0,1,1,0,0
SNOWY_SOLITUDE,0,0,1,1,0,0,1,1,0,0,0,0,0,0,0,0,0,1,0,0,0,1,1,0,1
SNOWY_MORN,0,1,0,0,1,0,0,0,0,0,0,0,0,0,0,0,0,1,0,1,0,1,1,0,1
SNOWFALL_MAGIC,0,0,0,0,0,0,1,0,0,0,0,0,0,0,0,1,0,1,0,0,0,1,1,0,1
SNOWFALL,0,0,1,1,1,0,0,0,0,0,0,0,1,1,0,0,0,0,1,0,0,1,1,0,0
SNOWBOUND_CABIN,0,1,0,1,1,0,1,1,0,0,0,0,0,1,0,0,0,1,0,0,0,1,1,0,1
SNOW_TRAIL,0,0,0,1,1,1,0,0,0,0,1,0,0,0,0,0,0,1,0,0,0,1,1,0,0
SNOW_BIRCH,0,0,0,0,0,0,1,0,0,0,0,0,1,0,0,0,0,1,0,0,0,1,1,0,1
SILENT_FOREST,0,0,0,0,1,0,0,0,0,0,1,0,0,0,0,1,0,0,0,0,0,1,1,0,0
SHADOW_POND,0,0,0,0,0,0,1,0,0,0,1,0,1,0,0,0,0,0,0,0,0,1,1,0,0
SHADES_OF_GREY,1,1,0,1,1,1,1,0,0,0,0,0,1,1,0,0,0,1,1,1,0,1,1,0,0
SERENITY,0,0,0,0,0,0,1,0,1,0,0,0,0,0,0,1,0,0,0,0,0,1,1,1,0
SECLUDED_MOUNTAIN,0,0,0,1,1,1,1,0,0,0,1,0,1,1,0,0,1,0,0,0,0,1,1,0,0
SECLUDED_LAKE,0,0,0,1,0,0,1,0,0,0,1,0,1,0,0,0,1,0,0,0,0,1,1,0,0
SECLUDED_FOREST,1,0,0,0,0,0,1,0,0,0,0,0,0,0,0,1,0,0,0,0,0,1,1,0,0
SEASONAL_PROGRESSION,1,0,0,0,1,0,0,0,0,0,1,0,1,0,0,0,0,1,1,0,0,1,1,0,1
SCENIC_SECLUSION,1,0,0,0,1,0,1,0,0,0,1,0,0,1,0,1,0,0,0,0,0,1,1,1,0
RUSTIC_WINTER_WOODS,0,0,0,0,0,0,1,0,0,0,0,0,0,0,0,0,0,1,0,0,1,1,1,0,1
ROYAL_MAJESTY,0,0,0,1,1,0,0,0,0,0,0,0,0,1,0,1,1,0,1,0,0,1,1,1,0
ROLLING_HILLS,1,0,0,0,0,0,1,0,0,0,1,1,1,0,0,0,0,0,0,0,0,1,1,0,0
RIVERSIDE_ESCAPE_OVAL,0,0,0,1,0,1,1,0,0,0,0,0,0,0,1,1,0,0,0,0,0,1,1,0,0
RIVERS_PEACE,0,0,0,0,0,0,1,0,0,0,1,0,0,0,0,1,0,0,0,0,0,1,1,1,0
RIPPLING_WATERS,0,0,0,0,0,0,1,0,0,0,0,0,0,0,0,1,1,0,0,0,1,1,1,1,0
REFLECTIONS_OF_GOLD,0,0,0,1,0,0,1,0,0,0,0,0,0,0,0,1,0,1,0,0,1,1,1,0,0
REFLECTIONS_OF_CALM,0,0,0,0,1,0,0,0,0,0,0,0,1,1,0,0,0,0,0,0,0,1,1,0,0
REFLECTIONS,1,0,1,1,1,0,0,0,0,0,0,0,1,1,0,0,0,0,1,0,0,1,1,0,0
RED_SUNSET,1,0,0,1,1,0,0,0,0,0,0,0,1,0,0,0,0,0,0,0,0,1,1,0,0
QUIET_WOODS,1,0,0,0,1,0,0,0,0,0,1,0,0,0,0,1,0,0,0,0,0,1,1,0,0
QUIET_STREAM,0,0,0,0,0,0,1,0,0,0,0,0,0,0,0,1,1,0,0,0,0,1,1,0,0
QUIET_POND,0,0,0,0,0,0,1,0,0,0,1,0,1,0,0,0,0,0,0,0,0,1,1,0,0
QUIET_MOUNTAIN_RIVER,1,0,0,1,1,1,1,0,0,0,1,0,0,1,0,1,0,0,1,0,0,1,1,0,0
QUIET_MOUNTAIN_LAKE,0,0,0,1,0,1,1,0,0,0,1,0,1,1,0,0,0,0,0,0,0,1,1,0,0
QUIET_INLET,0,0,0,0,0,0,1,0,0,0,0,0,1,1,0,0,0,0,0,0,0,1,1,0,0
QUIET_COVE,1,0,0,0,1,0,1,0,0,0,0,1,1,0,0,0,1,0,0,0,0,1,1,0,0
PURPLE_SPLENDOR,0,1,0,0,1,0,0,0,0,0,0,0,1,0,0,0,0,1,0,1,0,1,1,0,1
PURPLE_MOUNTAIN_RANGE,0,0,0,0,0,0,0,0,0,0,0,0,0,0,0,0,0,0,0,0,0,0,0,0,0
PURPLE_HAZE,1,0,0,0,0,0,1,0,0,0,1,0,0,0,0,1,0,0,0,0,0,1,1,1,0
PORTRAIT_OF_WINTER,1,0,0,0,1,0,0,0,0,0,0,0,1,1,0,0,0,1,1,0,0,1,1,0,1
PERFECT_WINTERS_DAY,1,1,0,1,1,0,0,0,0,0,0,0,0,1,0,0,0,1,1,1,0,1,1,0,1
PEAKS_OF_MAJESTY,0,0,1,1,1,0,0,0,0,0,1,0,1,1,0,0,0,0,0,0,0,1,1,0,0
PEACEFUL_VALLEY,1,0,0,0,1,0,0,0,0,0,0,0,1,1,0,0,0,0,0,0,0,1,1,0,0
PEACEFUL_REFLECTIONS,0,0,0,0,0,0,0,0,0,0,0,0,0,0,0,0,0,0,0,0,0,0,0,0,0
PEACEFUL_HAVEN,0,0,0,1,1,1,0,0,0,0,0,0,0,0,1,1,0,0,0,0,0,1,1,0,0
PATHWAY_TO_AUTUMN,0,1,0,0,0,0,1,0,0,0,1,0,0,0,1,0,0,0,0,1,0,1,1,0,0
PASTEL_WINTER,0,0,0,0,1,0,1,0,0,0,0,0,0,0,0,0,0,1,1,0,0,1,1,0,1
ORIENTAL_FALLS,1,0,0,0,1,0,0,0,0,1,0,0,0,0,0,0,1,0,0,0,0,1,1,1,0
ON_A_CLEAR_DAY,0,0,0,0,1,0,0,0,0,0,0,0,0,0,0,1,0,1,1,0,1,1,1,0,1
OLD_COUNTRY_MILL,0,0,0,0,0,0,1,0,0,0,0,0,0,1,0,1,1,0,0,1,0,1,0,1,0
NOT_QUITE_SPRING,0,0,0,0,1,0,0,0,0,0,0,0,1,1,0,0,0,1,1,0,0,1,1,0,1
NESTLED_CABIN,0,1,0,0,0,0,1,0,0,0,1,0,0,1,1,0,0,0,0,1,0,1,1,0,0
NATURES_SPLENDOR,0,0,0,0,1,0,0,0,0,0,1,0,0,1,0,1,0,0,1,0,0,1,1,0,0
NATURES_PARADISE,1,0,0,1,0,1,1,0,0,0,1,0,0,0,0,1,0,0,0,0,0,1,1,0,0
NATURES_EDGE,1,1,0,1,0,0,1,0,0,1,1,0,1,0,0,0,0,0,0,1,0,1,1,0,0
NATURAL_WONDER,0,0,0,1,1,1,1,0,0,0,1,0,1,1,0,0,0,0,1,0,0,1,1,0,0
MYSTIC_MOUNTAIN,0,0,0,1,1,1,1,0,0,0,0,0,1,1,0,0,0,0,1,0,0,1,1,0,0
MT_MCKINLEY,0,1,0,1,1,0,0,0,0,0,0,0,0,1,0,0,0,1,1,0,0,1,1,0,1
MOUNTAIN_WATERFALL1,1,0,0,1,1,1,0,0,0,0,0,0,1,1,0,0,0,0,1,0,0,1,1,1,0
MOUNTAIN_WATERFALL,0,0,0,0,0,0,1,0,0,0,1,0,1,1,0,0,0,0,1,0,0,1,1,1,0
MOUNTAIN_VIEW,0,0,0,1,0,0,1,0,0,0,1,0,0,1,0,1,1,0,0,0,0,1,1,0,0
MOUNTAIN_SUMMIT,1,0,0,1,1,1,1,0,0,0,0,0,0,1,0,1,0,0,1,0,0,1,1,0,0
MOUNTAIN_STREAM,0,0,0,0,1,0,0,0,0,0,1,0,0,1,0,1,0,0,1,0,0,1,1,0,0
MOUNTAIN_SPLENDOR,1,0,0,0,0,0,1,0,0,0,0,0,0,1,0,1,0,0,1,0,0,1,1,0,0
MOUNTAIN_SERENITY,1,0,0,0,1,0,0,0,0,0,1,0,1,1,0,0,0,0,1,0,0,1,1,0,0
MOUNTAIN_SECLUSION,0,1,0,1,1,0,0,0,0,0,0,0,0,1,0,1,0,1,0,1,0,1,1,0,1
MOUNTAIN_RIVER,1,0,0,1,1,1,0,0,0,1,0,0,0,1,0,1,1,0,0,0,0,1,1,0,0
MOUNTAIN_RIDGE_LAKE,0,0,0,1,1,1,0,0,0,0,1,0,1,1,0,0,0,0,0,0,0,1,0,0,0
MOUNTAIN_RHAPSODY,0,0,0,0,1,0,0,0,0,0,0,0,1,1,0,0,0,1,1,0,0,1,1,0,1
MOUNTAIN_RETREAT,1,1,0,0,1,0,1,0,0,0,0,0,1,1,0,0,0,0,0,1,0,1,1,0,0
MOUNTAIN_REFLECTIONS,1,0,0,1,1,1,0,0,0,0,0,0,0,1,0,1,1,0,1,0,0,1,1,0,0
MOUNTAIN_PATH,1,0,0,1,0,0,0,0,0,0,0,0,0,1,0,1,0,0,1,0,0,1,1,0,0
MOUNTAIN_MIRAGE,1,0,0,1,1,1,0,0,0,1,0,0,0,0,0,0,0,1,0,0,0,1,1,0,1
MOUNTAIN_LAKE_FALLS,0,0,0,1,1,1,0,0,0,0,0,0,1,1,0,1,0,0,1,0,0,1,1,1,0
MOUNTAIN_LAKE,1,0,0,0,1,0,1,0,0,0,0,0,1,1,0,0,0,0,0,0,0,1,1,0,0
MOUNTAIN_IN_AND_OVAL,1,0,0,1,1,1,1,0,0,0,1,0,0,1,0,1,0,0,0,0,1,1,1,0,0
MOUNTAIN_HIDE-AWAY,0,0,1,1,1,0,1,0,0,0,1,0,0,1,0,1,0,0,1,0,0,1,1,0,0
MOUNTAIN_GLORY,0,0,0,1,1,0,0,0,0,0,1,0,0,1,0,0,0,0,1,0,0,1,1,0,0
MOUNTAIN_EXHIBITION,0,0,0,1,1,1,0,0,0,0,1,0,0,1,0,1,0,0,1,0,0,1,1,0,0
MOUNTAIN_CHALLENGE,0,0,0,0,1,0,0,0,0,0,1,0,1,1,0,0,0,0,1,0,0,1,0,0,0
MOUNTAIN_CABIN,0,1,0,1,1,1,1,0,0,0,0,0,0,1,0,1,0,0,1,1,0,1,1,0,0
MOUNTAIN_AT_SUNSET,1,0,0,1,1,0,1,0,0,0,1,0,0,1,0,1,0,0,1,0,0,1,1,0,0
MORNING_WALK,0,0,0,0,0,0,1,0,0,1,0,0,0,0,1,0,0,0,0,0,0,1,1,0,0
MORNING_MIST,0,0,0,1,1,0,0,0,0,1,0,0,1,1,0,0,0,0,1,0,0,1,1,0,0
MISTY_WATERFALL,1,0,0,1,0,1,1,0,0,0,0,0,1,0,0,1,0,0,0,0,0,1,1,1,0
MISTY_ROLLING_HILLS,0,0,0,0,1,0,0,0,0,1,1,0,0,1,0,0,0,0,0,0,0,1,1,0,0
MISTY_FOREST_OVAL,0,0,0,1,0,0,1,0,0,1,1,0,0,0,0,0,0,0,0,0,0,1,1,0,0
MISTY_FOOTHILLS,0,0,0,1,1,1,0,0,0,0,0,1,1,0,0,0,0,0,0,0,0,1,1,0,0
MIRRORED_IMAGES,0,0,0,1,1,0,0,0,0,0,0,0,1,1,0,0,1,0,0,0,0,1,1,0,0
MIGHTY_MOUNTAIN_LAKE,0,0,0,1,0,1,0,0,1,0,1,0,1,1,0,0,0,0,1,0,0,0,0,0,0
MEADOW_ROAD,1,0,0,1,1,1,1,0,0,0,1,0,0,1,1,0,0,0,1,0,0,1,1,0,0
MEADOW_LAKE,1,0,0,0,1,1,1,0,0,0,1,0,1,1,0,0,0,0,1,0,0,1,1,0,0
MEADOW_BROOK_SURPRISE,0,0,0,0,1,0,0,0,0,0,1,0,0,0,0,1,0,0,0,0,0,1,1,0,0
MEADOW_BROOK,0,0,1,1,0,0,1,0,0,0,1,0,0,1,0,1,0,0,0,0,0,1,1,0,0
MARSHLANDS,1,0,0,1,0,0,1,0,0,0,0,0,1,0,0,0,0,0,0,0,0,1,1,0,0
MAJESTIC_PINE,1,0,0,1,1,0,0,0,0,0,0,0,0,0,0,0,0,0,0,0,0,1,1,0,0
MAJESTIC_PEAKS,1,0,0,0,1,0,0,0,0,0,0,0,1,1,0,0,0,0,1,0,0,1,1,0,0
MAJESTIC_MOUNTAINS,1,0,0,0,1,0,0,0,0,0,1,0,0,1,0,0,0,0,1,0,0,1,1,0,0
MAGIC_OF_FALL,0,0,0,0,0,0,1,1,0,0,1,0,0,0,0,0,0,0,0,0,0,1,0,0,0
LOST_LAKE,0,0,0,0,1,0,0,0,0,0,1,0,1,1,1,0,0,0,1,0,0,1,1,0,0
LONELY_RETREAT,0,1,0,1,1,0,0,0,0,0,0,0,0,0,0,0,0,1,0,1,0,1,0,0,1
LONE_MOUNTAIN,0,0,0,0,1,0,0,0,0,0,1,0,1,1,0,0,0,0,1,0,0,1,1,0,0
LITTLE_HOUSE_BY_THE_ROAD,0,1,0,0,0,0,1,1,0,0,0,0,0,1,1,0,0,0,0,1,0,1,1,0,0
LITTLE_HOME_IN_THE_MEADOW,0,1,0,0,1,0,1,0,0,0,1,0,0,0,0,0,0,0,0,1,0,1,1,0,0
LIGHT_AT_THE_SUMMIT,0,0,0,0,0,0,1,0,0,0,1,0,0,1,1,0,0,0,0,0,1,1,1,0,0
LAZY_RIVER,0,0,0,0,0,0,1,0,0,0,1,0,0,0,0,1,0,0,0,0,0,1,1,0,0
LAKESIDE_PATH,1,0,0,1,1,1,1,0,0,0,1,0,1,0,1,0,1,0,0,0,0,1,1,0,0
LAKESIDE_CABIN1,1,1,0,1,0,0,1,0,0,0,1,0,1,0,0,0,0,0,0,1,0,1,1,0,0
LAKESIDE_CABIN,0,1,0,1,0,1,1,0,0,0,1,0,1,0,1,0,1,0,0,1,0,1,1,0,0
LAKE_IN_THE_VALLEY,1,0,0,0,0,0,1,0,0,0,1,0,1,1,1,0,0,0,1,0,1,1,1,0,0
ISLAND_IN_THE_WILDERNESS,1,0,0,0,1,0,0,0,0,0,0,0,1,0,0,0,0,0,0,0,0,1,1,0,0
INDIAN_SUMMER,1,0,0,0,1,0,0,0,0,0,0,0,0,0,0,0,0,0,0,0,0,1,1,0,0
IN_THE_STILLNESS_OF_MORNING,1,0,0,0,1,0,0,0,0,1,1,0,0,0,0,1,0,0,0,0,0,1,1,0,0
HUNTERS_HAVEN,0,1,1,1,1,0,1,0,0,0,0,0,0,0,1,1,1,0,0,1,0,1,1,0,0
HORIZONS_WEST,1,0,0,0,1,0,0,0,0,0,0,0,1,1,0,0,0,0,1,0,0,1,1,0,0
HOME_IN_THE_VALLEY,0,1,0,1,1,1,0,0,0,0,1,0,1,0,0,0,0,0,0,1,0,1,1,0,0
HINT_OF_SPRINGTIME,1,0,0,0,1,0,0,0,0,0,0,0,0,1,0,1,0,0,1,0,0,1,1,1,0
HIGH_CHATEAU,1,1,0,1,1,1,0,0,0,0,1,0,0,1,0,0,1,0,0,0,0,1,1,0,0
HIDEAWAY_COVE,1,0,0,0,1,0,0,0,0,0,0,0,1,1,0,0,0,0,1,0,0,1,1,0,0
HIDDEN_WINTER_MOON_OVAL,0,1,1,1,1,0,0,0,0,0,0,0,1,1,0,0,0,0,1,1,0,1,1,0,1
HIDDEN_STREAM,1,0,0,1,0,0,1,0,0,0,0,0,0,0,0,1,0,0,0,0,0,1,1,1,0
HIDDEN_LAKE,1,0,0,0,1,0,1,0,0,0,0,0,1,1,0,0,0,0,0,0,0,1,1,0,0
HIDDEN_DELIGHT,0,1,0,0,1,0,1,0,0,0,0,0,0,0,1,1,0,0,0,0,1,1,1,0,0
HIDDEN_CREEK,0,0,0,0,0,0,1,0,0,0,1,0,0,0,0,1,0,0,0,0,0,1,1,0,0
HAZY_DAY,0,0,0,0,0,0,1,0,0,1,0,0,0,0,0,1,1,0,0,0,0,1,1,0,0
HAVEN_IN_THE_VALLEY,0,1,0,0,1,0,0,0,0,0,0,0,1,0,1,0,0,0,1,1,0,1,1,0,0
HAPPY_ACCIDENT,1,0,0,0,0,0,1,0,0,0,1,0,0,1,0,1,1,0,0,0,0,1,1,0,0
HALFOVAL_VIGNETTE,1,0,0,1,1,1,0,0,0,0,0,0,1,1,0,0,0,0,0,0,0,1,1,0,0
GREY_WINTER,1,0,0,1,0,0,0,0,0,0,0,0,1,0,0,0,0,1,0,0,0,1,1,0,1
GRAY_MOUNTAIN,1,0,0,0,1,0,0,0,0,0,0,0,0,0,0,1,0,0,1,0,0,1,1,0,0
GRACEFUL_MOUNTAINS,0,0,1,1,1,0,1,0,0,0,0,0,0,0,0,1,0,0,1,0,0,1,1,0,0
GOLDEN_SUNSET,0,0,0,0,0,0,1,0,0,0,0,0,1,0,0,0,0,1,0,0,1,1,1,0,0
GOLDEN_RAYS_OF_SUNLIGHT,1,0,0,0,0,0,1,0,0,0,0,0,0,1,0,0,0,0,0,0,1,1,1,0,0
GOLDEN_MORNING_MIST,0,0,0,0,0,0,1,0,0,1,1,0,0,1,0,1,0,0,0,0,0,1,1,0,0
GOLDEN_MIST_OVAL,0,0,0,0,1,0,0,0,0,1,0,0,0,1,0,1,0,0,0,0,0,1,1,0,0
GOLDEN_KNOLL,0,1,0,0,0,0,1,0,0,1,1,0,0,0,0,0,0,0,0,1,1,1,0,0,0
GOLDEN_GLOW_OF_MORNING,0,0,0,0,1,0,0,0,0,1,0,0,1,0,0,0,1,0,0,0,1,1,1,0,0
GOLDEN_GLOW,0,0,0,1,1,0,0,0,0,0,0,0,1,0,0,0,0,1,0,0,0,1,1,1,0
GLACIER_LAKE,0,0,0,0,1,0,0,0,0,0,1,0,1,0,0,0,1,0,1,0,0,1,1,0,0
FROZEN_SOLITUDE,1,1,0,1,1,0,0,0,0,0,0,0,1,1,0,0,0,1,1,1,0,1,1,0,1
FROZEN_BEAUTY_IN_VIGNETTE,0,1,0,0,1,0,1,0,0,0,0,0,1,1,0,0,0,1,0,1,0,1,1,0,1
FROSTY_WINTER_MORN,0,1,0,0,1,0,1,1,0,0,0,1,0,1,0,0,0,1,0,0,0,1,1,0,1
FOREST_RIVER,0,0,0,0,0,0,1,0,0,0,1,0,0,1,0,1,0,0,0,0,1,1,1,0,0
FOREST_HILLS,1,0,0,0,1,0,1,0,0,0,0,0,0,0,0,1,1,0,1,0,0,1,1,0,0
FOREST_EDGE,1,0,0,0,0,0,1,0,0,0,1,0,0,0,1,0,0,0,0,0,0,1,1,0,0
FOREST_DAWN_OVAL,1,0,0,0,0,0,1,0,0,0,1,0,0,0,1,0,0,0,0,0,0,1,1,0,0
FOOT_OF_THE_MOUNTAIN,0,0,0,0,1,0,1,0,0,0,1,0,0,0,0,1,0,0,1,0,0,1,1,0,0
FISHERMANS_TRAIL,1,0,0,0,1,0,0,0,0,0,0,0,1,0,1,0,0,0,1,0,0,1,1,0,0
FISHERMANS_PARADISE,0,1,0,0,1,0,0,0,0,0,0,0,1,0,0,0,0,0,0,1,1,1,1,0,0
FIRST_SNOW,0,0,0,1,1,0,0,0,0,0,1,0,0,1,0,0,0,1,1,0,0,1,1,0,1
FINAL_REFLECTIONS,1,0,0,0,1,0,1,0,0,0,1,0,0,1,0,0,0,0,1,0,0,1,1,0,0
FINAL_GRACE,1,0,0,1,1,1,0,0,0,0,0,0,1,1,0,0,0,0,1,0,0,1,1,0,0
FINAL_EMBERS_OF_SUNLIGHT,0,0,0,0,0,0,1,0,0,0,0,0,0,1,0,1,0,0,0,0,1,1,1,0,0
FALLS_IN_THE_GLEN,0,0,0,0,1,0,1,0,0,0,1,0,0,0,0,1,0,0,0,0,0,1,1,1,0
FALL_STREAM,0,0,0,1,0,1,1,0,0,0,1,0,0,0,0,1,1,0,0,0,0,1,1,0,0
EVERGREENS_AT_SUNSET,0,0,1,1,1,0,1,0,0,0,0,0,0,1,0,1,0,0,0,0,1,1,1,0,0
EVERGREEN_VALLEY,0,0,0,0,1,0,0,0,0,0,1,0,0,1,0,0,1,0,1,0,0,1,1,0,0
EVENINGS_PEACE,0,0,0,0,1,0,1,1,0,0,0,0,0,1,0,0,0,1,0,1,0,1,1,0,1
EVENINGS_GLOW,0,1,0,0,1,0,1,0,0,0,1,0,0,1,1,0,0,0,0,0,1,1,1,0,0
EVENING_WATERFALL,0,0,0,0,1,0,0,0,0,0,1,0,0,1,0,1,0,0,0,0,0,1,1,1,0
EVENING_AT_SUNSET,1,1,1,1,1,0,1,0,0,0,0,0,0,1,0,1,1,0,0,1,0,1,1,0,0
ENCHANTED_FOREST,0,0,0,0,0,0,1,0,0,0,0,0,0,1,1,0,0,0,0,0,0,1,1,0,0
ENCHANTED_FALLS_OVAL,0,0,0,0,0,0,1,0,0,0,0,0,0,1,0,1,0,0,0,0,0,1,1,1,0
EMERALD_WATERS,1,0,0,0,0,0,1,0,0,0,0,0,1,1,0,0,0,0,0,0,0,1,1,0,0
EBONY_SUNSET,0,1,0,0,1,0,0,1,0,0,0,0,0,1,0,0,0,0,0,1,1,1,1,0,1
EARLY_AUTUMN,0,0,0,0,1,0,1,0,0,0,1,0,1,1,0,0,0,0,0,0,0,1,1,0,0
DOWNSTREAM_VIEW,0,0,0,1,1,1,1,0,0,0,1,0,0,1,0,1,1,0,0,0,0,1,1,0,0
DOUBLE_TAKE,1,0,0,0,1,0,0,0,0,1,0,0,1,1,0,0,0,1,1,0,0,1,1,0,1
DOUBLE_OVAL_STREAM,1,0,0,0,0,0,1,0,0,0,0,0,0,1,0,1,0,0,0,0,0,1,1,0,0
DOUBLE_OVAL_FANTASY,1,0,0,1,1,1,0,0,0,0,0,0,1,1,0,0,0,0,1,0,0,1,1,0,0
DOCK_SCENE,0,0,0,1,0,1,1,0,0,0,0,0,1,1,0,0,0,0,0,1,0,1,0,0,0
DIVINE_ELEGANCE,0,0,0,1,1,1,0,0,0,0,0,0,1,1,0,0,1,0,1,0,0,1,1,0,0
DISTANT_MOUNTAINS,1,0,0,1,1,1,0,0,0,0,0,0,1,0,1,0,0,0,1,0,0,1,1,0,0
DISTANT_HILLS,0,0,1,1,1,0,1,0,0,0,0,1,1,1,0,0,0,0,0,0,0,1,1,0,0
DIMENSIONS,0,0,0,0,1,0,0,0,0,0,0,0,0,1,0,1,0,0,1,0,0,1,1,0,0
DESERT_HUES,0,0,1,1,0,0,0,0,0,0,0,0,0,1,1,0,0,0,0,0,0,0,0,0,0
DESERT_GLOW,0,0,0,1,0,0,0,0,0,0,0,0,0,1,1,0,0,0,0,0,0,0,0,0,0
DELIGHTFUL_MEADOW_HOME,0,1,0,0,0,0,1,1,0,0,1,0,0,1,1,0,0,0,0,1,0,1,1,0,0
DEEP_WOODS,0,0,0,0,1,0,0,0,0,0,0,0,0,1,0,1,1,0,0,0,0,1,1,1,0
DEEP_FOREST_LAKE,0,0,0,0,0,0,1,0,0,0,0,0,1,1,0,0,1,0,0,0,0,1,1,0,0
DEEP_FOREST_FALLS,1,0,0,0,0,0,1,0,0,0,0,0,0,1,0,1,0,0,0,0,0,1,1,1,0
DAYBREAK,0,1,0,0,1,0,1,1,0,1,0,0,0,1,0,0,0,1,0,1,0,1,1,0,1
DARK_WATERFALL,1,0,0,0,0,0,1,0,0,0,0,0,0,0,0,1,0,0,0,0,0,1,1,1,0
DAISY_DELIGHT,0,0,0,0,1,0,0,1,1,0,0,0,0,1,0,0,0,0,0,0,0,1,1,0,0
DAISIES_AT_DAWN,0,1,0,0,1,0,1,0,1,0,0,0,1,0,0,0,0,0,0,1,0,1,1,0,0
CYPRESS_SWAMP,0,0,0,0,0,0,1,0,0,0,0,0,1,1,0,0,0,0,0,0,0,1,0,0,0
CYPRESS_CREEK,0,0,0,0,0,0,1,0,0,0,1,0,0,0,0,1,0,0,0,0,0,1,1,0,0
CRIMSON_OVAL,0,0,0,0,0,0,1,0,0,0,1,0,0,0,0,1,0,0,0,0,0,1,1,1,0
COUNTRYSIDE_OVAL,0,0,0,1,0,0,1,0,0,0,1,1,0,1,0,1,0,0,0,0,0,1,1,0,0
COUNTRY_TIME,0,1,0,0,0,0,1,0,1,0,0,0,1,1,0,0,0,0,0,1,0,1,0,0,0
COUNTRY_CREEK,0,0,0,0,1,0,0,0,0,0,0,0,0,1,0,1,1,0,0,0,0,1,1,0,0
COUNTRY_CHARM,0,0,0,0,0,0,0,0,0,0,0,0,0,1,0,0,0,0,0,0,0,0,0,0,0
COUNTRY_CABIN,1,1,0,1,1,0,1,0,0,0,0,0,0,0,0,0,0,1,0,1,0,1,1,0,1
COPPER_WINTER,0,0,0,0,1,0,1,0,0,0,0,0,1,1,0,0,0,0,0,0,0,1,1,0,0
COOL_WATERS,1,0,0,1,1,0,0,0,0,0,0,0,1,0,0,0,0,0,1,0,0,1,1,0,0
COLORS_OF_NATURE,0,0,0,1,0,1,1,0,0,0,1,0,0,0,0,1,0,0,0,0,0,1,1,0,0
COLD_SPRING_DAY,1,0,0,0,1,0,0,0,0,0,0,0,1,1,0,0,0,0,1,0,0,1,1,0,0
CHRISTMAS_EVE_SNOW,0,1,0,1,1,1,0,0,0,0,0,0,0,1,0,0,0,1,1,1,0,1,1,0,1
CHANGE_OF_SEASONS,0,0,0,0,0,0,1,0,0,0,0,0,0,0,0,1,0,0,1,0,0,1,1,0,0
CAMPFIRE,1,0,0,0,0,0,1,0,0,0,0,0,1,1,0,0,0,0,0,0,0,1,1,0,0
CAMPERS_HAVEN,1,0,0,0,1,0,0,0,0,0,1,0,1,0,0,0,0,0,0,0,0,1,1,0,0
CACTUS_AT_SUNSET,0,0,0,1,0,0,0,0,0,0,0,0,0,1,1,0,1,0,0,0,0,0,0,0,0
CABIN_IN_THE_WOODS,0,1,0,0,0,0,1,0,0,0,1,0,0,1,1,0,0,0,0,1,0,1,1,0,0
CABIN_IN_THE_HOLLOW,0,1,0,0,1,0,0,0,0,0,0,0,0,0,0,1,0,1,0,0,0,1,1,0,1
CABIN_HIDEAWAY,0,1,0,0,1,0,1,0,0,0,0,0,1,1,0,0,0,1,0,1,0,1,1,0,1
CABIN_BY_THE_POND,0,1,0,1,1,0,1,0,0,0,1,0,1,0,0,0,0,0,0,1,0,1,1,0,0
CABIN_AT_TRAILS_END,0,1,0,0,0,0,1,0,0,0,0,0,0,0,1,0,0,0,0,1,0,1,1,0,0
CABIN_AT_SUNSET,0,1,0,1,1,0,0,1,0,0,1,0,0,0,0,0,0,0,0,1,0,1,1,0,0
BUBBLING_STREAM,0,0,0,0,0,0,1,0,0,0,1,0,0,0,0,1,1,0,0,0,0,1,1,0,0
BUBBLING_MOUNTAIN_BROOK,1,0,0,1,1,0,0,0,0,0,1,0,0,1,0,1,0,0,0,0,0,1,1,0,0
BUBBLING_BROOK,0,0,0,0,0,0,1,0,0,0,1,0,0,0,0,1,1,0,0,0,0,1,1,0,0
BROWN_MOUNTAIN,0,0,0,1,1,1,0,0,0,0,1,0,1,0,0,0,0,0,0,0,0,1,1,0,0
BRIGHT_AUTUMN_TREES,1,0,0,0,0,0,1,0,0,0,0,0,0,0,1,1,0,0,0,0,0,1,1,0,0
BLUE_WINTER,0,0,0,1,1,1,0,0,0,0,0,0,0,0,0,1,0,1,1,0,0,1,1,0,1
BLUE_RIVER,1,0,0,0,1,0,1,0,0,0,1,1,0,1,0,1,0,0,0,0,0,1,1,0,0
BLUE_RIDGE_FALLS,1,0,0,0,1,0,0,0,0,0,0,0,0,0,0,1,1,0,0,0,0,1,1,1,0
BLAZE_OF_COLOR,0,0,0,1,1,0,1,0,0,0,1,1,0,1,0,1,0,0,0,0,0,1,1,0,0
BLACK_WATERFALL,1,0,0,1,1,1,1,0,0,0,1,0,0,1,0,1,1,0,0,0,0,1,1,1,0
BLACK_RIVER,1,0,0,1,0,1,1,0,0,0,1,0,0,1,0,1,0,0,0,0,0,1,1,0,0
BEFORE_THE_SNOWFALL,1,1,0,1,1,0,0,0,0,0,0,0,0,1,0,1,0,0,0,1,0,1,1,0,0
BACK_COUNTRY,1,0,0,0,0,0,1,0,0,0,0,0,0,0,1,0,0,0,0,0,0,1,1,0,0
BABBLING_BROOK,1,0,0,0,0,0,1,0,0,0,1,0,0,1,0,1,0,0,0,0,0,1,0,1,0
AUTUMN_WOODS,1,0,0,1,1,1,1,0,0,0,0,0,1,0,0,0,0,0,1,0,0,1,1,0,0
AUTUMN_SPLENDOR,1,0,0,0,0,0,1,0,0,0,1,0,1,0,0,0,0,0,0,0,0,1,1,0,0
AUTUMN_PALETTE,0,0,0,0,0,0,1,1,0,0,0,0,1,0,0,0,0,0,0,0,0,1,1,0,0
AUTUMN_OVAL,1,0,0,0,1,0,0,0,0,0,0,0,1,1,0,0,0,0,0,0,0,1,1,0,0
AUTUMN_MOUNTAINS,0,0,0,0,0,0,1,0,0,0,0,0,1,1,0,0,0,0,1,0,0,1,1,0,0
AUTUMN_IMAGES,1,0,0,1,0,1,1,0,1,0,0,0,0,1,0,1,0,0,0,0,0,1,1,0,0
AUTUMN_GLORY,1,0,0,1,0,1,1,0,0,0,1,0,1,1,0,0,1,0,1,0,0,1,1,0,0
AUTUMN_FANTASY,0,0,1,1,1,0,0,0,0,0,0,0,0,1,0,1,0,0,1,0,0,1,1,0,0
AUTUMN_EXHIBITION,0,0,0,0,0,0,1,0,0,0,1,0,1,0,0,0,0,0,0,0,0,1,1,0,0
AUTUMN_DAYS,0,0,0,0,0,0,1,0,0,0,1,1,1,0,0,0,0,0,0,0,0,1,1,0,0
AT_DAWNS_LIGHT,1,0,0,0,1,0,1,0,0,0,0,0,1,0,1,0,0,0,0,0,0,1,1,0,0
AROUND_THE_BEND,0,0,0,0,1,0,0,0,1,0,0,0,0,0,0,1,1,0,0,0,0,1,1,0,0
ARIZONA_SPLENDOR,0,0,0,0,0,0,1,0,0,0,1,0,0,1,0,1,0,0,0,0,0,1,1,0,0
ARCTIC_WINTER_DAY,0,1,0,1,1,0,0,0,0,0,0,0,1,1,0,0,0,1,1,1,0,1,1,0,1
ARCTIC_BEAUTY,0,0,1,1,1,0,0,0,0,0,1,0,0,1,0,1,0,0,1,0,0,1,1,1,0
ANGLERS_HAVEN,0,0,0,0,1,0,0,0,0,0,0,0,1,1,0,0,1,0,1,0,0,1,1,0,0
AFTER_THE_RAIN,0,0,0,0,0,0,1,0,0,0,0,0,0,0,1,0,0,0,0,0,0,1,1,0,0
ABSOLUTELY_AUTUMN,1,0,0,1,0,1,1,0,0,0,1,0,0,0,0,1,0,0,0,0,0,1,1,0,0
A_WALK_IN_THE_WOODS,1,0,0,0,0,0,1,0,0,0,1,0,0,0,0,1,0,0,0,0,0,1,1,0,0
A_PRETTY_AUTUMN_DAY,0,0,0,1,1,0,1,0,0,0,1,0,0,1,0,1,1,0,1,0,0,1,1,0,0
A_MILD_WINTERS_DAY,0,0,0,1,1,0,1,0,0,0,0,0,0,0,0,1,0,1,0,0,0,1,1,0,1
